{"commit":"2ac3f43dc64a2b7982dc85b584be457e7bbba129","appVersion":"43.2","build":39069,"app":"com.bohemiancoding.sketch3","pagesAndArtboards":{"DF9218D2-C60C-49C4-ACAC-1D90491F9B03":{"name":"Page 1","artboards":{"D9A5E822-07E1-4E6A-B5AD-06030C4F3984":{"name":"Section"},"3D19EB07-38C6-4BBE-A0E4-3591779431A7":{"name":"Title"}}}},"fonts":["GalanoGrotesqueAlt-Bold","GalanoGrotesqueAlt-Regular"],"created":{"app":"com.bohemiancoding.sketch3","commit":"2ac3f43dc64a2b7982dc85b584be457e7bbba129","build":39069,"appVersion":"43.2","variant":"NONAPPSTORE","version":88},"version":88,"saveHistory":["NONAPPSTORE.39069"],"autosaved":0,"variant":"NONAPPSTORE"}